"key","en - English","hi - हिन्दी","ta - தமிழ்","te - తెలుగు","kn - ಕನ್ನಡ","ml - മലയാളം","mr - मराठी","bn - বাংলা","gu - ગુજરાતી","pa - ਪੰਜਾਬੀ"
"nav.home","Home","होम","முகப்பு","హోమ్","ಮುಖಪುಟ","ഹോം","मुख्यपृष्ठ","হোম","મુખ્ય પૃષ્ઠ","ਮੁੱਖ ਪੰਨਾ"
"nav.flashcards","Flashcards","फ्लैशकार्ड","ஃபிளாஷ்கார்டுகள்","ఫ్లాష్‌కార్డ్‌లు","ಫ್ಲಾಶ್‌ಕಾರ್ಡ್‌ಗಳು","ഫ്ലാഷ്കാർഡുകൾ","फ्लॅशकार्ड्स","ফ্ল্যাশকার্ড","ફ્લેશકાર્ડ","ਫਲੈਸ਼ਕਾਰਡ"
"nav.tutor","AI Tutor","एआई ट्यूटर","AI ஆசிரியர்","AI ట్యూటర్","AI ಶಿಕ್ಷಕ","AI അദ്ധ്യാപകൻ","AI शिक्षक","AI শিক্ষক","AI શિક્ષક","AI ਅਧਿਆਪਕ"
"nav.set_goals","Set goals","लक्ष्य तय करें","இலக்குகள் அமைக்கவும்","లక్ష్యాలను సెట్ చేయండి","ಗುರಿಗಳನ್ನು ಹೊಂದಿಸಿ","ലക്ഷ്യങ്ങൾ സജ്ജമാക്കുക","उद्दिष्टे ठरवा","লক্ষ্য নির্ধারণ","લક્ષ્ય સેટ કરો","ਟੀਚੇ ਮਿੱਥੋ"
"nav.upgrade","Upgrade","अपग्रेड","மேம்படுத்து","అప్‌గ్రేడ్","ಅಪ್‌ಗ್ರೇಡ್","അപ്‌ഗ്രേഡ്","अपग्रेड","আপগ্রেড","અપગ્રેડ","ਅਪਗ੍ਰੇਡ"
"nav.parent_view","Parent view","माता-पिता दृश्य","பெற்றோர் காட்சி","తల్లిదండ్రుల వీక్షణ","ಪೋಷಕರ ನೋಟ","രക്ഷിതാവിന്റെ കാഴ്ച","पालक दृश्य","অভিভাবক দর্শন","વાલી દૃશ્ય","ਮਾਪਿਆਂ ਦਾ ਦ੍ਰਿਸ਼"
"nav.settings","Settings","सेटिंग्स","அமைப்புகள்","సెట్టింగ్‌లు","ಸೆಟ್ಟಿಂಗ್‌ಗಳು","ക്രമീകരണങ്ങൾ","सेटिंग्ज","সেটিংস","સેટિંગ્સ","ਸੈਟਿੰਗਾਂ"
"nav.new_lesson","New lesson","नया पाठ","புதிய பாடம்","కొత్త పాఠం","ಹೊಸ ಪಾಠ","പുതിയ പാഠം","नवीन पाठ","নতুন পাঠ","નવો પાઠ","ਨਵਾਂ ਪਾਠ"
"nav.skip_to_main","Skip to main content","मुख्य सामग्री पर जाएं","முக்கிய உள்ளடக்கத்திற்கு செல்","ముఖ్య కంటెంట్‌కు వెళ్ళండి","ಮುಖ್ಯ ವಿಷಯಕ್ಕೆ ತೆರಳಿ","പ്രധാന ഉള്ളടക്കത്തിലേക്ക് പോകുക","मुख्य सामग्रीवर जा","মূল বিষয়বস্তুতে যান","મુખ્ય સામગ્રી પર જાઓ","ਮੁੱਖ ਸਮੱਗਰੀ ਉੱਤੇ ਜਾਓ"
"nav.sign_in","Sign in","साइन इन","உள்நுழை","సైన్ ఇన్","ಸೈನ್ ಇನ್","സൈൻ ഇൻ","साइन इन","সাইন ইন","સાઇન ઇન","ਸਾਈਨ ਇਨ"
"nav.sign_out","Sign out","साइन आउट","வெளியேறு","సైన్ అవుట్","ಸೈನ್ ಔಟ್","സൈൻ ഔട്ട്","साइन आउट","সাইন আউট","સાઇન આઉટ","ਸਾਈਨ ਆਊਟ"
"nav.my_library","My Library","मेरी लाइब्रेरी","என் நூலகம்","నా గ్రంథాలయం","ನನ್ನ ಗ್ರಂಥಾಲಯ","എന്റെ ലൈബ്രറി","माझे ग्रंथालय","আমার লাইব্রেরি","મારી લાઇબ્રેરી","ਮੇਰੀ ਲਾਇਬ੍ਰੇਰੀ"
"nav.back_to_home","Back to Home","होम पर लौटें","முகப்புக்கு திரும்பு","హోమ్‌కు తిరిగి","ಮುಖ್ಯಪುಟಕ್ಕೆ ಹಿಂತಿರುಗಿ","ഹോമിലേക്ക് മടങ്ങുക","मुख्यपृष्ठावर परत","হোমে ফিরুন","મુખ્ય પૃષ્ઠ પર પાછા","ਮੁੱਖ ਪੰਨੇ ਵਾਪਸ"
"nav.school_portal","School Portal","स्कूल पोर्टल","பள்ளி போர்ட்டல்","పాఠశాల పోర్టల్","ಶಾಲಾ ಪೋರ್ಟಲ್","സ്കൂൾ പോർട്ടൽ","शाळा पोर्टल","স্কুল পোর্টাল","શાળા પોર્ટલ","ਸਕੂਲ ਪੋਰਟਲ"
"nav.teacher_studio","Teacher Studio","शिक्षक स्टूडियो","ஆசிரியர் ஸ்டுடியோ","ఉపాధ్యాయ స్టూడియో","ಶಿಕ್ಷಕರ ಸ್ಟುಡಿಯೋ","അദ്ധ്യാപക സ്റ്റുഡിയോ","शिक्षक स्टुडिओ","শিক্ষক স্টুডিও","શિક્ષક સ્ટુડિયો","ਅਧਿਆਪਕ ਸਟੂਡੀਓ"
"nav.video_studio","Video Studio","वीडियो स्टूडियो","வீடியோ ஸ்டுடியோ","వీడియో స్టూడియో","ವೀಡಿಯೋ ಸ್ಟುಡಿಯೋ","വീഡിയോ സ്റ്റുഡിയോ","व्हिडिओ स्टुडिओ","ভিডিও স্টুডিও","વિડિઓ સ્ટુડિયો","ਵੀਡੀਓ ਸਟੂਡੀਓ"
"nav.doubt_queue","Doubt Queue","शंका कतार","சந்தேக வரிசை","సందేహాల వరుస","ಸಂದೇಹಗಳ ಸಾಲು","സംശയ വരി","शंका रांग","সন্দেহ সারি","શંકા કતાર","ਸ਼ੰਕਾ ਕਤਾਰ"
"module.voice_tutor","Voice Tutor","वॉइस ट्यूटर","குரல் ஆசிரியர்","వాయిస్ ట్యూటర్","ಧ್ವನಿ ಶಿಕ್ಷಕ","ശബ്ദ അദ്ധ്യാപകൻ","व्हॉइस शिक्षक","ভয়েস শিক্ষক","વોઇસ શિક્ષક","ਵਾਇਸ ਅਧਿਆਪਕ"
"module.live_lecture","Live Lecture","लाइव लेक्चर","நேரடி பாடம்","ప్రత్యక్ష పాఠం","ನೇರ ಪಾಠ","നേരിട്ടുള്ള ക്ലാസ്","थेट पाठ","সরাসরি পাঠ","લાઇવ પાઠ","ਲਾਈਵ ਪਾਠ"
"module.math_check","Math Check","गणित जांच","கணித சரிபார்ப்பு","గణిత తనిఖీ","ಗಣಿತ ತಪಾಸಣೆ","ഗണിത പരിശോധന","गणित तपासणी","গণিত যাচাই","ગણિત ચકાસણી","ਗਣਿਤ ਜਾਂਚ"
"module.mock_interview","Mock Interview","मॉक इंटरव्यू","சோதனை நேர்காணல்","నమూనా ఇంటర్వ్యూ","ಮಾದರಿ ಸಂದರ್ಶನ","മാതൃകാ അഭിമുഖം","नमुना मुलाखत","মক ইন্টারভিউ","મોક ઇન્ટરવ્યૂ","ਮੌਕ ਇੰਟਰਵਿਊ"
"module.adaptive_practice","Adaptive Practice","अनुकूली अभ्यास","ஏற்புடைய பயிற்சி","అనువర్తనీయ సాధన","ಅನುಕೂಲಿತ ಅಭ್ಯಾಸ","ഇണക്കമുള്ള പരിശീലനം","अनुकूलित सराव","অভিযোজিত অনুশীলন","અનુકૂલિત અભ્યાસ","ਅਨੁਕੂਲ ਅਭਿਆਸ"
"module.practice_tests","Practice Tests","अभ्यास परीक्षण","பயிற்சித் தேர்வுகள்","అభ్యాస పరీక్షలు","ಅಭ್ಯಾಸ ಪರೀಕ್ಷೆಗಳು","പരിശീലന പരീക്ഷകൾ","सराव परीक्षा","অনুশীলন পরীক্ষা","અભ્યાસ પરીક્ષાઓ","ਅਭਿਆਸ ਇਮਤਿਹਾਨ"
"module.audio_recap","Audio Recap","ऑडियो रीकैप","ஒலி சுருக்கம்","ఆడియో సారాంశం","ಆಡಿಯೋ ಸಾರಾಂಶ","ഓഡിയോ സംഗ്രഹം","ऑडिओ सारांश","অডিও সারাংশ","ઓડિયો સારાંશ","ਆਡੀਓ ਸਾਰ"
"module.match_game","Match Game","मिलान खेल","பொருத்து விளையாட்டு","మ్యాచ్ గేమ్","ಹೊಂದಿಸುವ ಆಟ","പൊരുത്തപ്പെടുത്തൽ ഗെയിം","जोडी खेळ","মিল খেলা","મેળ રમત","ਮੈਚ ਖੇਡ"
"module.curriculum_map","Curriculum Map","पाठ्यक्रम मानचित्र","பாடத்திட்ட வரைபடம்","పాఠ్యప్రణాళిక మ్యాప్","ಪಠ್ಯಕ್ರಮ ನಕ್ಷೆ","പാഠ്യപദ്ധതി മാപ്പ്","अभ्यासक्रम नकाशा","পাঠ্যক্রম মানচিত্র","અભ્યાસક્રમ નકશો","ਪਾਠਕ੍ਰਮ ਨਕਸ਼ਾ"
"module.ask_doubt","Ask Doubt","शंका पूछें","சந்தேகம் கேள்","సందేహం అడగండి","ಸಂದೇಹ ಕೇಳಿ","സംശയം ചോദിക്കുക","शंका विचारा","সন্দেহ জিজ্ঞাসা করুন","શંકા પૂછો","ਸ਼ੰਕਾ ਪੁੱਛੋ"
"module.essay_grader","Essay Grader","निबंध मूल्यांकनकर्ता","கட்டுரை மதிப்பீடு","వ్యాస మదింపు","ಪ್ರಬಂಧ ಮೌಲ್ಯಮಾಪನ","ഉപന്യാസ വിലയിരുത്തൽ","निबंध मूल्यांकन","প্রবন্ধ মূল্যায়ন","નિબંધ મૂલ્યાંકન","ਲੇਖ ਮੁਲਾਂਕਣ"
"module.flashcards","Flashcards","फ्लैशकार्ड","ஃபிளாஷ்கார்டுகள்","ఫ్లాష్‌కార్డ్‌లు","ಫ್ಲಾಶ್‌ಕಾರ್ಡ್‌ಗಳು","ഫ്ലാഷ്കാർഡുകൾ","फ्लॅशकार्ड्स","ফ্ল্যাশকার্ড","ફ્લેશકાર્ડ","ਫਲੈਸ਼ਕਾਰਡ"
"module.notes","Notes","नोट्स","குறிப்புகள்","నోట్స్","ಟಿಪ್ಪಣಿಗಳು","കുറിപ്പുകൾ","नोट्स","নোট","નોંધો","ਨੋਟਸ"
"module.video_studio","Video Studio","वीडियो स्टूडियो","வீடியோ ஸ்டுடியோ","వీడియో స్టూడియో","ವೀಡಿಯೋ ಸ್ಟುಡಿಯೋ","വീഡിയോ സ്റ്റുഡിയോ","व्हिडिओ स्टुडिओ","ভিডিও স্টুডিও","વિડિઓ સ્ટુડિયો","ਵੀਡੀਓ ਸਟੂਡੀਓ"
"task.new_lesson_title","New lesson","नया पाठ","புதிய பாடம்","కొత్త పాఠం","ಹೊಸ ಪಾಠ","പുതിയ പാഠം","नवीन पाठ","নতুন পাঠ","નવો પાઠ","ਨਵਾਂ ਪਾਠ"
"task.new_lesson_sub","Scan textbook → AI video","किताब स्कैन करें → एआई वीडियो","புத்தகத்தை ஸ்கேன் செய்யவும் → AI வீடியோ","పాఠ్యపుస్తకాన్ని స్కాన్ చేయండి → AI వీడియో","ಪಠ್ಯಪುಸ್ತಕ ಸ್ಕ್ಯಾನ್ → AI ವೀಡಿಯೋ","പാഠപുസ്തകം സ്കാൻ ചെയ്യുക → AI വീഡിയോ","पाठ्यपुस्तक स्कॅन करा → AI व्हिडिओ","পাঠ্যবই স্ক্যান → AI ভিডিও","પાઠ્યપુસ્તક સ્કેન → AI વિડિઓ","ਪਾਠ-ਪੁਸਤਕ ਸਕੈਨ → AI ਵੀਡੀਓ"
"task.tutor_title","Ask AI tutor","एआई ट्यूटर से पूछें","AI ஆசிரியரிடம் கேள்","AI ట్యూటర్‌ని అడగండి","AI ಶಿಕ್ಷಕರನ್ನು ಕೇಳಿ","AI അദ്ധ്യാപകനോട് ചോദിക്കുക","AI शिक्षकाला विचारा","AI শিক্ষককে জিজ্ঞাসা করুন","AI શિક્ષકને પૂછો","AI ਅਧਿਆਪਕ ਨੂੰ ਪੁੱਛੋ"
"task.tutor_sub","In your language","अपनी भाषा में","உங்கள் மொழியில்","మీ భాషలో","ನಿಮ್ಮ ಭಾಷೆಯಲ್ಲಿ","നിങ്ങളുടെ ഭാഷയിൽ","तुमच्या भाषेत","আপনার ভাষায়","તમારી ભાષામાં","ਤੁਹਾਡੀ ਭਾਸ਼ਾ ਵਿੱਚ"
"task.flashcards_title","Flashcards","फ्लैशकार्ड","ஃபிளாஷ்கார்டுகள்","ఫ్లాష్‌కార్డ్‌లు","ಫ್ಲಾಶ್‌ಕಾರ್ಡ್‌ಗಳು","ഫ്ലാഷ്കാർഡുകൾ","फ्लॅशकार्ड्स","ফ্ল্যাশকার্ড","ફ્લેશકાર્ડ","ਫਲੈਸ਼ਕਾਰਡ"
"task.flashcards_sub","Due cards waiting","द्वार पर कार्ड हैं","காத்திருக்கும் கார்டுகள்","వేచి ఉన్న కార్డ్‌లు","ಕಾಯುತ್ತಿರುವ ಕಾರ್ಡ್‌ಗಳು","കാത്തിരിക്കുന്ന കാർഡുകൾ","प्रतीक्षेत असलेली कार्डे","অপেক্ষমান কার্ড","રાહ જોતી કાર્ડ્સ","ਉਡੀਕ ਵਿੱਚ ਕਾਰਡ"
"task.goals_title","Set goals","लक्ष्य तय करें","இலக்குகள் அமைக்கவும்","లక్ష్యాలను సెట్ చేయండి","ಗುರಿಗಳನ್ನು ಹೊಂದಿಸಿ","ലക്ഷ്യങ്ങൾ സജ്ജമാക്കുക","उद्दिष्टे ठरवा","লক্ষ্য নির্ধারণ","લક્ષ્ય સેટ કરો","ਟੀਚੇ ਮਿੱਥੋ"
"task.goals_sub","Pick exam & daily target","परीक्षा और दैनिक लक्ष्य चुनें","தேர்வு & தினசரி இலக்கு","పరీక్ష & దైనందిన లక్ష్యం","ಪರೀಕ್ಷೆ & ದೈನಂದಿನ ಗುರಿ","പരീക്ഷ & പ്രതിദിന ലക്ഷ്യം","परीक्षा आणि दैनिक उद्दिष्ट","পরীক্ষা ও দৈনিক লক্ষ্য","પરીક્ષા અને રોજિંદું લક્ષ્ય","ਇਮਤਿਹਾਨ ਅਤੇ ਰੋਜ਼ਾਨਾ ਟੀਚਾ"
"task.progress_title","My progress","मेरी प्रगति","என் முன்னேற்றம்","నా పురోగతి","ನನ್ನ ಪ್ರಗತಿ","എന്റെ പുരോഗതി","माझी प्रगती","আমার অগ্রগতি","મારી પ્રગતિ","ਮੇਰੀ ਤਰੱਕੀ"
"task.progress_sub","Streak · weak topics · mocks","स्ट्रीक · कमज़ोर विषय","தொடர் · பலவீனமான தலைப்புகள் · சோதனைகள்","స్ట్రీక్ · బలహీన అంశాలు · మాక్‌లు","ಸ್ಟ್ರೀಕ್ · ದುರ್ಬಲ ವಿಷಯಗಳು · ಮಾಕ್‌ಗಳು","സ്ട്രീക്ക് · ദുർബല വിഷയങ്ങൾ · മോക്കുകൾ","स्ट्रीक · कमकुवत विषय · मॉक्स","স্ট্রিক · দুর্বল বিষয় · মক","સ્ટ્રીક · નબળા વિષયો · મોક","ਸਟ੍ਰੀਕ · ਕਮਜ਼ੋਰ ਵਿਸ਼ੇ · ਮੌਕ"
"task.upgrade_title","Upgrade","अपग्रेड","மேம்படுத்து","అప్‌గ్రేడ్","ಅಪ್‌ಗ್ರೇಡ್","അപ്‌ഗ്രേഡ്","अपग्रेड","আপগ্রেড","અપગ્રેડ","ਅਪਗ੍ਰੇਡ"
"task.upgrade_sub","₹499 / ₹999 / ₹1,499","₹499 / ₹999 / ₹1,499","₹499 / ₹999 / ₹1,499","₹499 / ₹999 / ₹1,499","₹499 / ₹999 / ₹1,499","₹499 / ₹999 / ₹1,499","₹499 / ₹999 / ₹1,499","₹499 / ₹999 / ₹1,499","₹499 / ₹999 / ₹1,499","₹499 / ₹999 / ₹1,499"
"trust.students_count","50,000+ students","50,000+ छात्र","50,000+ மாணவர்கள்","50,000+ విద్యార్థులు","50,000+ ವಿದ್ಯಾರ್ಥಿಗಳು","50,000+ വിദ്യാർത്ഥികൾ","50,000+ विद्यार्थी","50,000+ শিক্ষার্থী","50,000+ વિદ્યાર્થી","50,000+ ਵਿਦਿਆਰਥੀ"
"trust.students_sub","Across 28 states","28 राज्यों में","28 மாநிலங்களில்","28 రాష్ట్రాలలో","28 ರಾಜ್ಯಗಳಲ್ಲಿ","28 സംസ്ഥാനങ്ങളിൽ","28 राज्यांमध्ये","28 রাজ্যে","28 રાજ્યોમાં","28 ਰਾਜਾਂ ਵਿੱਚ"
"trust.dpdp_title","DPDP compliant","DPDP अनुपालन","DPDP இணக்கம்","DPDP అనుగుణం","DPDP ಅನುಸರಣೆ","DPDP അനുവർത്തനം","DPDP अनुपालन","DPDP সম্মত","DPDP અનુપાલન","DPDP ਅਨੁਪਾਲਨ"
"trust.dpdp_sub","Under-18 safe","18 से कम उम्र के लिए सुरक्षित","18-க்கு கீழ் பாதுகாப்பு","18 ఏళ్ల లోపు సురక్షితం","18 ವರ್ಷದೊಳಗಿನವರಿಗೆ ಸುರಕ್ಷಿತ","18 വയസ്സിന് താഴെ സുരക്ഷിതം","18 वर्षांखालील सुरक्षित","18 বছরের নিচে নিরাপদ","18 વર્ષથી નીચે સુરક્ષિત","18 ਸਾਲ ਤੋਂ ਘੱਟ ਸੁਰੱਖਿਅਤ"
"trust.languages_title","10 languages","10 भाषाएँ","10 மொழிகள்","10 భాషలు","10 ಭಾಷೆಗಳು","10 ഭാഷകൾ","10 भाषा","10 ভাষা","10 ભાષાઓ","10 ਭਾਸ਼ਾਵਾਂ"
"trust.languages_sub","Hindi · Tamil · Bengali +7","हिन्दी · तमिल · बांग्ला +7","தமிழ் · இந்தி · வங்காளம் +7","తెలుగు · హిందీ · బెంగాలీ +7","ಕನ್ನಡ · ಹಿಂದಿ · ಬಂಗಾಳಿ +7","മലയാളം · ഹിന്ദി · ബംഗാളി +7","मराठी · हिंदी · बंगाली +7","বাংলা · হিন্দি · তামিল +7","ગુજરાતી · હિન્દી · મરાઠી +7","ਪੰਜਾਬੀ · ਹਿੰਦੀ · ਬੰਗਾਲੀ +7"
"trust.payments_title","UPI / Razorpay","UPI / Razorpay","UPI / Razorpay","UPI / Razorpay","UPI / Razorpay","UPI / Razorpay","UPI / Razorpay","UPI / Razorpay","UPI / Razorpay","UPI / Razorpay"
"trust.payments_sub","Cancel anytime","कभी भी रद्द करें","எப்போது வேண்டுமானாலும் ரத்து","ఎప్పుడైనా రద్దు చేయండి","ಯಾವಾಗ ಬೇಕಾದರೂ ರದ್ದು","എപ്പോൾ വേണമെങ്കിലും റദ്ദാക്കാം","केव्हाही रद्द करा","যেকোনো সময় বাতিল","ગમે ત્યારે રદ","ਕਦੇ ਵੀ ਰੱਦ ਕਰੋ"
"trust.tagline","India learning OS","भारत का लर्निंग OS","இந்தியா கற்றல் OS","భారత నేర్చుకునే OS","ಭಾರತ ಕಲಿಕೆ OS","ഇന്ത്യ പഠന OS","भारत शिकण्याचे OS","ভারত শেখার OS","ભારત શિક્ષણ OS","ਭਾਰਤ ਸਿੱਖਣ OS"
"trust.signal","Why students trust AI Pathshala","छात्र एआई पाठशाला पर क्यों भरोसा करते हैं","AI பாதஶாலையை மாணவர்கள் ஏன் நம்புகிறார்கள்","విద్యార్థులు AI పాఠశాలను ఎందుకు నమ్ముతారు","ವಿದ್ಯಾರ್ಥಿಗಳು AI ಪಾಠಶಾಲೆಯನ್ನು ಏಕೆ ನಂಬುತ್ತಾರೆ","വിദ്യാർത്ഥികൾ AI പാഠശാലയെ വിശ്വസിക്കുന്നതെന്തുകൊണ്ട്","विद्यार्थी AI पाठशालेवर का विश्वास ठेवतात","শিক্ষার্থীরা AI পাঠশালাকে কেন বিশ্বাস করে","વિદ્યાર્થીઓ AI પાઠશાળા પર શા માટે વિશ્વાસ કરે છે","ਵਿਦਿਆਰਥੀ AI ਪਾਠਸ਼ਾਲਾ ਉੱਤੇ ਕਿਉਂ ਭਰੋਸਾ ਕਰਦੇ ਹਨ"
"support.whatsapp","WhatsApp support","व्हाट्सएप सहायता","வாட்ஸ்அப் ஆதரவு","వాట్సాప్ సహాయం","ವಾಟ್ಸ್ಆ್ಯಪ್ ಬೆಂಬಲ","വാട്ട്സ്ആപ്പ് പിന്തുണ","व्हॉट्सअ‍ॅप सहाय्य","হোয়াটসঅ্যাপ সহায়তা","વોટ્સએપ સહાય","ਵਟਸਐਪ ਸਹਾਇਤਾ"
"support.call","Call support","कॉल सहायता","அழைப்பு ஆதரவு","కాల్ సహాయం","ಕರೆ ಬೆಂಬಲ","കോൾ പിന്തുണ","कॉल सहाय्य","কল সহায়তা","કોલ સહાય","ਕਾਲ ਸਹਾਇਤਾ"
"lang.change","Change language","भाषा बदलें","மொழியை மாற்று","భాష మార్చండి","ಭಾಷೆ ಬದಲಾಯಿಸಿ","ഭാഷ മാറ്റുക","भाषा बदला","ভাষা পরিবর্তন","ભાષા બદલો","ਭਾਸ਼ਾ ਬਦਲੋ"
"hero.loading","Loading your study plan…","आपकी योजना लोड की जा रही है…","உங்கள் திட்டம் ஏற்றப்படுகிறது…","మీ ప్రణాళిక లోడ్ అవుతోంది…","ನಿಮ್ಮ ಯೋಜನೆ ಲೋಡ್ ಆಗುತ್ತಿದೆ…","നിങ്ങളുടെ പദ്ധതി ലോഡ് ചെയ്യുന്നു…","तुमची योजना लोड होत आहे…","আপনার পরিকল্পনা লোড হচ্ছে…","તમારી યોજના લોડ થઈ રહી છે…","ਤੁਹਾਡੀ ਯੋਜਨਾ ਲੋਡ ਹੋ ਰਹੀ ਹੈ…"
"hero.sub","Personalised based on readiness, weak topics, and recent mocks.","आपकी तैयारी और कमज़ोर विषयों के आधार पर व्यक्तिगत.","உங்கள் தயாரிப்பு & பலவீன தலைப்புகளின் அடிப்படையில் தனிப்பயனாக்கப்பட்டது.","మీ సన్నద్ధత & బలహీన అంశాల ఆధారంగా వ్యక్తిగతీకరించబడింది.","ನಿಮ್ಮ ಸಿದ್ಧತೆ & ದುರ್ಬಲ ವಿಷಯಗಳ ಆಧಾರದ ಮೇಲೆ ವೈಯಕ್ತೀಕರಿಸಲಾಗಿದೆ.","നിങ്ങളുടെ തയ്യാറെടുപ്പും ദുർബല വിഷയങ്ങളും അടിസ്ഥാനമാക്കി വ്യക്തിഗതമാക്കിയത്.","तुमची तयारी आणि कमकुवत विषयांच्या आधारे वैयक्तिकृत.","আপনার প্রস্তুতি ও দুর্বল বিষয়ের ভিত্তিতে ব্যক্তিগতকৃত.","તમારી તૈયારી અને નબળા વિષયોના આધારે વ્યક્તિગત.","ਤੁਹਾਡੀ ਤਿਆਰੀ ਅਤੇ ਕਮਜ਼ੋਰ ਵਿਸ਼ਿਆਂ ਦੇ ਆਧਾਰ ਉੱਤੇ ਨਿਜੀਕਰਣ."
"cta.start","Start studying","पढ़ाई शुरू करें","படிக்க தொடங்கு","చదవడం ప్రారంభించండి","ಅಧ್ಯಯನ ಪ್ರಾರಂಭಿಸಿ","പഠിക്കാൻ ആരംഭിക്കുക","अभ्यास सुरू करा","পড়া শুরু করুন","ભણવાનું શરૂ કરો","ਪੜ੍ਹਾਈ ਸ਼ੁਰੂ ਕਰੋ"
"cta.get_started","Get started","शुरू करें","தொடங்கு","ప్రారంభించండి","ಪ್ರಾರಂಭಿಸಿ","ആരംഭിക്കുക","सुरुवात करा","শুরু করুন","શરૂ કરો","ਸ਼ੁਰੂ ਕਰੋ"
"cta.explore","Explore plans","प्लान देखें","திட்டங்களைப் பார்","ప్లాన్‌లు చూడండి","ಯೋಜನೆಗಳನ್ನು ಅನ್ವೇಷಿಸಿ","പ്ലാനുകൾ കാണുക","योजना पहा","প্ল্যান দেখুন","પ્લાન જુઓ","ਪਲਾਨ ਦੇਖੋ"
"cta.create_account","Create account","खाता बनाएँ","கணக்கை உருவாக்கவும்","ఖాతా సృష్టించండి","ಖಾತೆ ರಚಿಸಿ","അക്കൗണ്ട് സൃഷ്ടിക്കുക","खाते तयार करा","অ্যাকাউন্ট তৈরি করুন","ખાતું બનાવો","ਖਾਤਾ ਬਣਾਓ"
"cta.continue","Continue","जारी रखें","தொடரவும்","కొనసాగించండి","ಮುಂದುವರಿಸಿ","തുടരുക","सुरू ठेवा","চালিয়ে যান","ચાલુ રાખો","ਜਾਰੀ ਰੱਖੋ"
"cta.next","Next","अगला","அடுத்து","తదుపరి","ಮುಂದೆ","അടുത്തത്","पुढे","পরবর্তী","આગળ","ਅਗਲਾ"
"cta.back","Back","वापस","பின்","వెనుకకు","ಹಿಂದೆ","പിന്നോട്ട്","मागे","পিছনে","પાછળ","ਵਾਪਸ"
"cta.cancel","Cancel","रद्द करें","ரத்து செய்","రద్దు చేయండి","ರದ್ದುಗೊಳಿಸಿ","റദ്ദാക്കുക","रद्द करा","বাতিল করুন","રદ કરો","ਰੱਦ ਕਰੋ"
"cta.save","Save","सहेजें","சேமி","సేవ్ చేయండి","ಉಳಿಸಿ","സംരക്ഷിക്കുക","जतन करा","সংরক্ষণ করুন","સાચવો","ਸੰਭਾਲੋ"
"cta.submit","Submit","जमा करें","சமர்ப்பி","సమర్పించు","ಸಲ್ಲಿಸಿ","സമർപ്പിക്കുക","सबमिट करा","জমা দিন","સબમિટ","ਜਮ੍ਹਾਂ ਕਰੋ"
"cta.delete","Delete","हटाएँ","நீக்கு","తొలగించు","ಅಳಿಸಿ","ഇല്ലാതാക്കുക","हटवा","মুছুন","ડિલીટ","ਮਿਟਾਓ"
"cta.edit","Edit","संपादित करें","திருத்து","సవరించు","ಸಂಪಾದಿಸಿ","എഡിറ്റ്","संपादित करा","সম্পাদনা করুন","સંપાદિત કરો","ਸੰਪਾਦਿਤ ਕਰੋ"
"cta.upload","Upload","अपलोड करें","பதிவேற்று","అప్‌లోడ్ చేయండి","ಅಪ್‌ಲೋಡ್","അപ്‌ലോഡ് ചെയ്യുക","अपलोड करा","আপলোড করুন","અપલોડ","ਅੱਪਲੋਡ"
"cta.download","Download","डाउनलोड करें","பதிவிறக்கு","డౌన్‌లోడ్","ಡೌನ್‌ಲೋಡ್","ഡൗൺലോഡ്","डाउनलोड","ডাউনলোড","ડાઉનલોડ","ਡਾਊਨਲੋਡ"
"cta.tap_to_speak","Tap to speak","बोलने के लिए टैप करें","பேசுவதற்கு தட்டவும்","మాట్లాడేందుకు నొక్కండి","ಮಾತನಾಡಲು ಟ್ಯಾಪ್ ಮಾಡಿ","സംസാരിക്കാൻ ടാപ്പ് ചെയ്യുക","बोलण्यासाठी टॅप करा","কথা বলতে ট্যাপ করুন","બોલવા ટેપ કરો","ਬੋਲਣ ਲਈ ਟੈਪ ਕਰੋ"
"form.your_name","Your name","आपका नाम","உங்கள் பெயர்","మీ పేరు","ನಿಮ್ಮ ಹೆಸರು","നിങ്ങളുടെ പേര്","तुमचे नाव","আপনার নাম","તમારું નામ","ਤੁਹਾਡਾ ਨਾਮ"
"form.your_email","Your email","आपका ईमेल","உங்கள் மின்னஞ்சல்","మీ ఇమెయిల్","ನಿಮ್ಮ ಇಮೇಲ್","നിങ്ങളുടെ ഇമെയിൽ","तुमचा ईमेल","আপনার ইমেইল","તમારો ઇમેઇલ","ਤੁਹਾਡਾ ਈਮੇਲ"
"form.your_password","Your password","आपका पासवर्ड","உங்கள் கடவுச்சொல்","మీ పాస్‌వర్డ్","ನಿಮ್ಮ ಪಾಸ್‌ವರ್ಡ್","നിങ്ങളുടെ പാസ്‌വേഡ്","तुमचा पासवर्ड","আপনার পাসওয়ার্ড","તમારો પાસવર્ડ","ਤੁਹਾਡਾ ਪਾਸਵਰਡ"
"form.your_answer","Your answer","आपका उत्तर","உங்கள் பதில்","మీ సమాధానం","ನಿಮ್ಮ ಉತ್ತರ","നിങ്ങളുടെ ഉത്തരം","तुमचे उत्तर","আপনার উত্তর","તમારો જવાબ","ਤੁਹਾਡਾ ਜਵਾਬ"
"form.grade_level","Grade level","कक्षा स्तर","வகுப்பு நிலை","తరగతి స్థాయి","ತರಗತಿ ಮಟ್ಟ","ഗ്രേഡ് ലെവൽ","इयत्ता स्तर","শ্রেণি স্তর","ધોરણ સ્તર","ਜਮਾਤ ਪੱਧਰ"
"form.class_name","Class name","कक्षा का नाम","வகுப்பின் பெயர்","తరగతి పేరు","ತರಗತಿಯ ಹೆಸರು","ക്ലാസിന്റെ പേര്","इयत्तेचे नाव","শ্রেণির নাম","વર્ગનું નામ","ਜਮਾਤ ਦਾ ਨਾਮ"
"form.lesson_id","Lesson ID","पाठ ID","பாட ID","పాఠం ID","ಪಾಠ ID","പാഠം ID","पाठ ID","পাঠ ID","પાઠ ID","ਪਾਠ ID"
"form.due_date","Due date","नियत तिथि","காலக்கெடு","గడువు తేదీ","ಗಡುವು ದಿನಾಂಕ","അവസാന തീയതി","अंतिम तारीख","শেষ তারিখ","છેલ્લી તારીખ","ਅੰਤਮ ਮਿਤੀ"
"form.all_classes","All classes","सभी कक्षाएँ","அனைத்து வகுப்புகள்","అన్ని తరగతులు","ಎಲ್ಲಾ ತರಗತಿಗಳು","എല്ലാ ക്ലാസുകളും","सर्व इयत्ता","সমস্ত শ্রেণি","બધા વર્ગ","ਸਾਰੀਆਂ ਜਮਾਤਾਂ"
"form.all_boards","All boards","सभी बोर्ड","அனைத்து வாரியங்கள்","అన్ని బోర్డులు","ಎಲ್ಲಾ ಬೋರ್ಡ್‌ಗಳು","എല്ലാ ബോർഡുകളും","सर्व बोर्ड","সমস্ত বোর্ড","બધા બોર્ડ","ਸਾਰੇ ਬੋਰਡ"
"form.all_subjects","All subjects","सभी विषय","அனைத்து பாடங்கள்","అన్ని విషయాలు","ಎಲ್ಲಾ ವಿಷಯಗಳು","എല്ലാ വിഷയങ്ങളും","सर्व विषय","সমস্ত বিষয়","બધા વિષય","ਸਾਰੇ ਵਿਸ਼ੇ"
"form.coaching_institute","Coaching institute","कोचिंग संस्थान","பயிற்சி நிறுவனம்","కోచింగ్ సంస్థ","ತರಬೇತಿ ಸಂಸ್ಥೆ","കോച്ചിംഗ് സ്ഥാപനം","कोचिंग संस्था","কোচিং প্রতিষ্ঠান","કોચિંગ સંસ્થા","ਕੋਚਿੰਗ ਸੰਸਥਾ"
"action.create_assignment","Create assignment","असाइनमेंट बनाएँ","பணியை உருவாக்கு","అసైన్‌మెంట్ సృష్టించండి","ನಿಯೋಜನೆ ರಚಿಸಿ","അസൈൻമെൻ്റ് സൃഷ്ടിക്കുക","असाइनमेंट तयार करा","অ্যাসাইনমেন্ট তৈরি করুন","અસાઇનમેન્ટ બનાવો","ਅਸਾਈਨਮੈਂਟ ਬਣਾਓ"
"action.create_exam","Create exam","परीक्षा बनाएँ","தேர்வை உருவாக்கு","పరీక్షను సృష్టించండి","ಪರೀಕ್ಷೆ ರಚಿಸಿ","പരീക്ഷ സൃഷ്ടിക്കുക","परीक्षा तयार करा","পরীক্ষা তৈরি করুন","પરીક્ષા બનાવો","ਇਮਤਿਹਾਨ ਬਣਾਓ"
"action.active_exam_pack","Active Exam Pack","सक्रिय परीक्षा पैक","செயலில் உள்ள தேர்வு தொகுப்பு","క్రియాశీల పరీక్షా ప్యాక్","ಸಕ್ರಿಯ ಪರೀಕ್ಷಾ ಪ್ಯಾಕ್","സജീവ പരീക്ഷാ പാക്ക്","सक्रिय परीक्षा पॅक","সক্রিয় পরীক্ষা প্যাক","સક્રિય પરીક્ષા પેક","ਸਰਗਰਮ ਇਮਤਿਹਾਨ ਪੈਕ"
"action.weak_topics","Weak topics needing revision","कमज़ोर विषय जिन्हें संशोधन की आवश्यकता है","திருத்தம் தேவைப்படும் பலவீன தலைப்புகள்","పునఃసమీక్ష అవసరమైన బలహీన అంశాలు","ಪುನರಾವಲೋಕನ ಅಗತ್ಯವಿರುವ ದುರ್ಬಲ ವಿಷಯಗಳು","പുനഃപരിശോധന ആവശ്യമുള്ള ദുർബല വിഷയങ്ങൾ","पुनरावलोकनाची गरज असलेले कमकुवत विषय","পুনর্বিবেচনা প্রয়োজন এমন দুর্বল বিষয়","પુનરાવલોકન જરૂરી નબળા વિષયો","ਮੁੜ-ਵਿਚਾਰ ਲੋੜੀਂਦੇ ਕਮਜ਼ੋਰ ਵਿਸ਼ੇ"
"curator.title","Concept-Video Curator","Concept-Video क्यूरेटर","Concept-Video Curator","Concept-Video Curator","Concept-Video Curator","Concept-Video Curator","Concept-Video Curator","Concept-Video Curator","Concept-Video Curator","Concept-Video Curator"
"curator.stats_title","Concept-video curator stats","Concept-video क्यूरेटर आँकड़े","Concept-video curator stats","Concept-video curator stats","Concept-video curator stats","Concept-video curator stats","Concept-video curator stats","Concept-video curator stats","Concept-video curator stats","Concept-video curator stats"
"curator.queue","Curator queue","क्यूरेटर कतार","Curator queue","Curator queue","Curator queue","Curator queue","Curator queue","Curator queue","Curator queue","Curator queue"
"curator.tier_filter","Tier","स्तर","Tier","Tier","Tier","Tier","Tier","Tier","Tier","Tier"
"curator.tier_channel_seed","channel_seed (default queue)","channel_seed (डिफ़ॉल्ट कतार)","channel_seed (default queue)","channel_seed (default queue)","channel_seed (default queue)","channel_seed (default queue)","channel_seed (default queue)","channel_seed (default queue)","channel_seed (default queue)","channel_seed (default queue)"
"curator.tier_verified","verified (already done)","verified (पूर्ण)","verified (already done)","verified (already done)","verified (already done)","verified (already done)","verified (already done)","verified (already done)","verified (already done)","verified (already done)"
"curator.tier_ai_fallback","ai_fallback (rejected / placeholder)","ai_fallback (अस्वीकृत / प्लेसहोल्डर)","ai_fallback (rejected / placeholder)","ai_fallback (rejected / placeholder)","ai_fallback (rejected / placeholder)","ai_fallback (rejected / placeholder)","ai_fallback (rejected / placeholder)","ai_fallback (rejected / placeholder)","ai_fallback (rejected / placeholder)","ai_fallback (rejected / placeholder)"
"curator.refresh","Refresh","रिफ़्रेश","Refresh","Refresh","Refresh","Refresh","Refresh","Refresh","Refresh","Refresh"
"curator.search_url","YouTube search","YouTube खोज","YouTube search","YouTube search","YouTube search","YouTube search","YouTube search","YouTube search","YouTube search","YouTube search"
"curator.btn_update","Update only","केवल अपडेट","Update only","Update only","Update only","Update only","Update only","Update only","Update only","Update only"
"curator.btn_verify","Update & Verify","अपडेट और सत्यापित करें","Update & Verify","Update & Verify","Update & Verify","Update & Verify","Update & Verify","Update & Verify","Update & Verify","Update & Verify"
"curator.btn_reject","Reject (move to ai_fallback)","अस्वीकार करें (ai_fallback में भेजें)","Reject (ai_fallback)","Reject (ai_fallback)","Reject (ai_fallback)","Reject (ai_fallback)","Reject (ai_fallback)","Reject (ai_fallback)","Reject (ai_fallback)","Reject (ai_fallback)"
"curator.new_title","New title","नया शीर्षक","New title","New title","New title","New title","New title","New title","New title","New title"
"curator.new_url","New URL","नया URL","New URL","New URL","New URL","New URL","New URL","New URL","New URL","New URL"
"curator.url_placeholder","https://www.youtube.com/watch?v=...","https://www.youtube.com/watch?v=...","https://www.youtube.com/watch?v=...","https://www.youtube.com/watch?v=...","https://www.youtube.com/watch?v=...","https://www.youtube.com/watch?v=...","https://www.youtube.com/watch?v=...","https://www.youtube.com/watch?v=...","https://www.youtube.com/watch?v=...","https://www.youtube.com/watch?v=..."
"curator.current_title","Current title","वर्तमान शीर्षक","Current title","Current title","Current title","Current title","Current title","Current title","Current title","Current title"
"curator.current_url","Current URL","वर्तमान URL","Current URL","Current URL","Current URL","Current URL","Current URL","Current URL","Current URL","Current URL"
"curator.note","Note","टिप्पणी","Note","Note","Note","Note","Note","Note","Note","Note"
"curator.pending","pending","लंबित","pending","pending","pending","pending","pending","pending","pending","pending"
"curator.window","Window","अवधि","Window","Window","Window","Window","Window","Window","Window","Window"
"curator.window_7d","last 7 days","पिछले 7 दिन","last 7 days","last 7 days","last 7 days","last 7 days","last 7 days","last 7 days","last 7 days","last 7 days"
"curator.window_30d","last 30 days","पिछले 30 दिन","last 30 days","last 30 days","last 30 days","last 30 days","last 30 days","last 30 days","last 30 days","last 30 days"
"curator.window_90d","last 90 days","पिछले 90 दिन","last 90 days","last 90 days","last 90 days","last 90 days","last 90 days","last 90 days","last 90 days","last 90 days"
"curator.window_1y","last year","पिछला वर्ष","last year","last year","last year","last year","last year","last year","last year","last year"
"curator.verified_in_window","verified in window","अवधि में सत्यापित","verified in window","verified in window","verified in window","verified in window","verified in window","verified in window","verified in window","verified in window"
"curator.updated_in_window","rows updated in window","अवधि में अपडेट किए गए रोज़","rows updated in window","rows updated in window","rows updated in window","rows updated in window","rows updated in window","rows updated in window","rows updated in window","rows updated in window"
"curator.plays_in_window","total plays in window","अवधि में कुल प्ले","total plays in window","total plays in window","total plays in window","total plays in window","total plays in window","total plays in window","total plays in window","total plays in window"
"curator.total_catalog","total catalog rows","कुल कैटलॉग पंक्तियाँ","total catalog rows","total catalog rows","total catalog rows","total catalog rows","total catalog rows","total catalog rows","total catalog rows","total catalog rows"
"curator.freshness_label","Verification freshness","सत्यापन की ताज़गी","Verification freshness","Verification freshness","Verification freshness","Verification freshness","Verification freshness","Verification freshness","Verification freshness","Verification freshness"
"curator.newest_verification","Newest verification","नवीनतम सत्यापन","Newest verification","Newest verification","Newest verification","Newest verification","Newest verification","Newest verification","Newest verification","Newest verification"
"curator.oldest_verification","Oldest verification still in catalog","कैटलॉग में सबसे पुराना सत्यापन","Oldest verification","Oldest verification","Oldest verification","Oldest verification","Oldest verification","Oldest verification","Oldest verification","Oldest verification"
"footer.terms","Terms of Service","सेवा की शर्तें","சேவை விதிமுறைகள்","సేవా నిబంధనలు","ಸೇವಾ ನಿಯಮಗಳು","സേവന നിബന്ധനകൾ","सेवा अटी","সেবার শর্তাবলী","સેવાની શરતો","ਸੇਵਾ ਸ਼ਰਤਾਂ"
"footer.privacy","Privacy Policy","गोपनीयता नीति","தனியுரிமை கொள்கை","గోప్యతా విధానం","ಗೌಪ್ಯತಾ ನೀತಿ","സ്വകാര്യതാ നയം","गोपनीयता धोरण","গোপনীয়তা নীতি","ગોપનીયતા નીતિ","ਨਿੱਜਤਾ ਨੀਤੀ"
"footer.community","Exam community","परीक्षा समुदाय","தேர்வு சமூகம்","పరీక్షా సంఘం","ಪರೀಕ್ಷಾ ಸಮುದಾಯ","പരീക്ഷാ സമൂഹം","परीक्षा समुदाय","পরীক্ষা সম্প্রদায়","પરીક્ષા સમુદાય","ਇਮਤਿਹਾਨ ਭਾਈਚਾਰਾ"
"home.hero_title","Study Smarter with AI","AI के साथ होशियारी से पढ़ें","AI உடன் சிறப்பாகப் படியுங்கள்","AI తో తెలివిగా చదవండి","AI ಜೊತೆ ಜಾಣ್ಮೆಯಿಂದ ಕಲಿಯಿರಿ","AI ഉപയോഗിച്ച് മിടുക്കോടെ പഠിക്കൂ","AI सह हुशारीने अभ्यास करा","AI দিয়ে স্মার্টভাবে পড়ুন","AI સાથે હોશિયારીથી ભણો","AI ਨਾਲ ਸਿਆਣਪ ਨਾਲ ਪੜ੍ਹੋ"
"home.start_free","Start for Free","मुफ़्त में शुरू करें","இலவசமாகத் தொடங்குங்கள்","ఉచితంగా ప్రారంభించండి","ಉಚಿತವಾಗಿ ಪ್ರಾರಂಭಿಸಿ","സൗജന്യമായി ആരംഭിക്കൂ","विनामूल्य सुरू करा","বিনামূল্যে শুরু করুন","મફતમાં શરૂ કરો","ਮੁਫ਼ਤ ਵਿੱਚ ਸ਼ੁਰੂ ਕਰੋ"
"home.watch_demo","Watch Demo","डेमो देखें","டெமோவைப் பாருங்கள்","డెమో చూడండి","ಡೆಮೋ ನೋಡಿ","ഡെമോ കാണുക","डेमो पहा","ডেমো দেখুন","ડેમો જુઓ","ਡੈਮੋ ਦੇਖੋ"
"home.how_it_works","How PadhaiApp works","PadhaiApp कैसे काम करता है","PadhaiApp எவ்வாறு செயல்படுகிறது","PadhaiApp ఎలా పనిచేస్తుంది","PadhaiApp ಹೇಗೆ ಕೆಲಸ ಮಾಡುತ್ತದೆ","PadhaiApp എങ്ങനെ പ്രവർത്തിക്കുന്നു","PadhaiApp कसे कार्य करते","PadhaiApp কীভাবে কাজ করে","PadhaiApp કેવી રીતે કામ કરે છે","PadhaiApp ਕਿਵੇਂ ਕੰਮ ਕਰਦਾ ਹੈ"
"home.everything","Everything you need to crack your exam","अपनी परीक्षा पास करने के लिए ज़रूरी सब कुछ","உங்கள் தேர்வில் வெற்றிபெற தேவையான அனைத்தும்","మీ పరీక్షలో నెగ్గడానికి కావలసినదంతా","ನಿಮ್ಮ ಪರೀಕ್ಷೆಯಲ್ಲಿ ಗೆಲ್ಲಲು ಬೇಕಾದ ಎಲ್ಲವೂ","നിങ്ങളുടെ പരീക്ഷ ജയിക്കാൻ വേണ്ടതെല്ലാം","तुमची परीक्षा उत्तीर्ण होण्यासाठी आवश्यक सर्वकाही","আপনার পরীক্ষায় সফল হতে যা যা দরকার","તમારી પરીક્ષા પાસ કરવા માટે જરૂરી બધું","ਤੁਹਾਡੀ ਪ੍ਰੀਖਿਆ ਪਾਸ ਕਰਨ ਲਈ ਲੋੜੀਂਦਾ ਸਭ ਕੁਝ"
"home.step_snap","Snap a Page","पेज की फ़ोटो लें","ஒரு பக்கத்தைப் படம் எடுங்கள்","ఒక పేజీని ఫోటో తీయండి","ಒಂದು ಪುಟದ ಫೋಟೋ ತೆಗೆಯಿರಿ","ഒരു പേജ് ഫോട്ടോ എടുക്കൂ","पानाचा फोटो काढा","একটি পৃষ্ঠার ছবি তুলুন","પાનાનો ફોટો લો","ਪੰਨੇ ਦੀ ਫੋਟੋ ਲਓ"
"home.step_video","Get a Video Lesson","वीडियो पाठ पाएं","வீடியோ பாடம் பெறுங்கள்","వీడియో పాఠం పొందండి","ವೀಡಿಯೋ ಪಾಠ ಪಡೆಯಿರಿ","വീഡിയോ പാഠം നേടൂ","व्हिडिओ पाठ मिळवा","ভিডিও পাঠ পান","વિડિયો પાઠ મેળવો","ਵੀਡੀਓ ਪਾਠ ਪ੍ਰਾਪਤ ਕਰੋ"
"home.start_today","Start learning for free today","आज ही मुफ़्त में सीखना शुरू करें","இன்றே இலவசமாகக் கற்கத் தொடங்குங்கள்","ఈరోజే ఉచితంగా నేర్చుకోవడం ప్రారంభించండి","ಇಂದೇ ಉಚಿತವಾಗಿ ಕಲಿಯಲು ಪ್ರಾರಂಭಿಸಿ","ഇന്നുതന്നെ സൗജന്യമായി പഠിക്കാൻ തുടങ്ങൂ","आजच विनामूल्य शिकायला सुरुवात करा","আজই বিনামূল্যে শেখা শুরু করুন","આજે જ મફતમાં શીખવાનું શરૂ કરો","ਅੱਜ ਹੀ ਮੁਫ਼ਤ ਵਿੱਚ ਸਿੱਖਣਾ ਸ਼ੁਰੂ ਕਰੋ"
"home.concept_videos","Concept videos","कॉन्सेप्ट वीडियो","கருத்து வீடியோக்கள்","కాన్సెప్ట్ వీడియోలు","ಕಾನ್ಸೆಪ್ಟ್ ವೀಡಿಯೋಗಳು","കൺസെപ്റ്റ് വീഡിയോകൾ","संकल्पना व्हिडिओ","ধারণা ভিডিও","કન્સેપ્ટ વિડિયો","ਸੰਕਲਪ ਵੀਡੀਓ"
"home.browse_packs","Browse exam packs","परीक्षा पैक ब्राउज़ करें","தேர்வு தொகுப்புகளை உலாவுங்கள்","పరీక్షా ప్యాక్‌లను బ్రౌజ్ చేయండి","ಪರೀಕ್ಷಾ ಪ್ಯಾಕ್‌ಗಳನ್ನು ಬ್ರೌಸ್ ಮಾಡಿ","പരീക്ഷാ പാക്കുകൾ ബ്രൗസ് ചെയ്യൂ","परीक्षा पॅक ब्राउझ करा","পরীক্ষা প্যাক ব্রাউজ করুন","પરીક્ષા પેક બ્રાઉઝ કરો","ਪ੍ਰੀਖਿਆ ਪੈਕ ਬ੍ਰਾਊਜ਼ ਕਰੋ"
"notif.mark_all_read","Mark all read","सभी को पढ़ा हुआ चिह्नित करें","அனைத்தையும் படித்ததாகக் குறி","అన్నింటిని చదివినట్లు గుర్తించు","ಎಲ್ಲವನ್ನೂ ಓದಿದೆ ಎಂದು ಗುರುತಿಸಿ","എല്ലാം വായിച്ചതായി അടയാളപ്പെടുത്തുക","सर्व वाचले म्हणून चिन्हांकित करा","সব পঠিত হিসেবে চিহ্নিত করুন","બધાને વાંચ્યા તરીકે ચિહ્નિત કરો","ਸਭ ਨੂੰ ਪੜ੍ਹਿਆ ਵਜੋਂ ਨਿਸ਼ਾਨ ਲਗਾਓ"
"dash.welcome_back","Welcome back","वापसी पर स्वागत है","மீண்டும் வரவேற்கிறோம்","తిరిగి స్వాగతం","ಮರಳಿ ಸ್ವಾಗತ","വീണ്ടും സ്വാഗതം","पुन्हा स्वागत आहे","আবার স্বাগতম","ફરી સ્વાગત છે","ਮੁੜ ਸੁਆਗਤ ਹੈ"
"home.study_plan","Study Plan","अध्ययन योजना","படிப்புத் திட்டம்","అధ్యయన ప్రణాళిక","ಅಧ್ಯಯನ ಯೋಜನೆ","പഠന പദ്ധതി","अभ्यास योजना","অধ্যয়ন পরিকল্পনা","અભ્યાસ યોજના","ਅਧਿਐਨ ਯੋਜਨਾ"
"home.continue_learning","Continue Learning","सीखना जारी रखें","தொடர்ந்து கற்கவும்","నేర్చుకోవడం కొనసాగించండి","ಕಲಿಕೆಯನ್ನು ಮುಂದುವರಿಸಿ","പഠനം തുടരുക","शिकणे सुरू ठेवा","শেখা চালিয়ে যান","શીખવાનું ચાલુ રાખો","ਸਿੱਖਣਾ ਜਾਰੀ ਰੱਖੋ"
"home.resume_next","Resume next planned lesson","अगला नियोजित पाठ फिर से शुरू करें","அடுத்த திட்டமிட்ட பாடத்தைத் தொடரவும்","తదుపరి ప్రణాళికాబద్ధ పాఠాన్ని కొనసాగించండి","ಮುಂದಿನ ಯೋಜಿತ ಪಾಠವನ್ನು ಮುಂದುವರಿಸಿ","അടുത്ത ആസൂത്രിത പാഠം തുടരുക","पुढील नियोजित पाठ सुरू ठेवा","পরবর্তী পরিকল্পিত পাঠ আবার শুরু করুন","આગલો આયોજિત પાઠ ફરી શરૂ કરો","ਅਗਲਾ ਯੋਜਨਾਬੱਧ ਪਾਠ ਮੁੜ ਸ਼ੁਰੂ ਕਰੋ"
"home.select_goal","Select a goal to activate","सक्रिय करने के लिए एक लक्ष्य चुनें","செயல்படுத்த ஒரு இலக்கைத் தேர்ந்தெடுக்கவும்","సక్రియం చేయడానికి ఒక లక్ష్యాన్ని ఎంచుకోండి","ಸಕ್ರಿಯಗೊಳಿಸಲು ಒಂದು ಗುರಿ ಆಯ್ಕೆಮಾಡಿ","സജീവമാക്കാൻ ഒരു ലക്ഷ്യം തിരഞ്ഞെടുക്കുക","सक्रिय करण्यासाठी एक उद्दिष्ट निवडा","সক্রিয় করতে একটি লক্ষ্য নির্বাচন করুন","સક્રિય કરવા માટે એક ધ્યેય પસંદ કરો","ਸਰਗਰਮ ਕਰਨ ਲਈ ਇੱਕ ਟੀਚਾ ਚੁਣੋ"
"home.curated_videos","Curated concept videos","चुनिंदा कॉन्सेप्ट वीडियो","தேர்ந்தெடுக்கப்பட்ட கருத்து வீடியோக்கள்","ఎంపిక చేసిన కాన్సెప్ట్ వీడియోలు","ಆಯ್ದ ಕಾನ್ಸೆಪ್ಟ್ ವೀಡಿಯೋಗಳು","തിരഞ്ഞെടുത്ത കൺസെപ്റ്റ് വീഡിയോകൾ","निवडक संकल्पना व्हिडिओ","নির্বাচিত ধারণা ভিডিও","પસંદ કરેલા કન્સેપ્ટ વિડિયો","ਚੁਣੇ ਹੋਏ ਸੰਕਲਪ ਵੀਡੀਓ"
"home.verified_by_educators","Verified by educators","शिक्षकों द्वारा सत्यापित","கல்வியாளர்களால் சரிபார்க்கப்பட்டது","ఉపాధ్యాయులచే ధృవీకరించబడింది","ಶಿಕ್ಷಕರಿಂದ ಪರಿಶೀಲಿಸಲಾಗಿದೆ","അധ്യാപകർ പരിശോധിച്ചുറപ്പിച്ചത്","शिक्षकांनी पडताळलेले","শিক্ষকদের দ্বারা যাচাইকৃত","શિક્ષકો દ્વારા ચકાસાયેલ","ਸਿੱਖਿਅਕਾਂ ਦੁਆਰਾ ਪੁਸ਼ਟੀ ਕੀਤੀ"
"cta.try_it","Try it","आज़माएं","முயற்சிக்கவும்","ప్రయత్నించండి","ಪ್ರಯತ್ನಿಸಿ","പരീക്ഷിക്കൂ","वापरून पहा","চেষ্টা করুন","અજમાવો","ਅਜ਼ਮਾਓ"
"common.coming_soon","Coming soon","जल्द आ रहा है","விரைவில் வருகிறது","త్వరలో వస్తోంది","ಶೀಘ್ರದಲ್ಲೇ ಬರಲಿದೆ","ഉടൻ വരുന്നു","लवकरच येत आहे","শীঘ্রই আসছে","ટૂંક સમયમાં આવી રહ્યું છે","ਜਲਦੀ ਆ ਰਿਹਾ ਹੈ"
"home.open_studio","Open Study Studio","स्टडी स्टूडियो खोलें","ஸ்டடி ஸ்டுடியோவைத் திற","స్టడీ స్టూడియో తెరవండి","ಸ್ಟಡಿ ಸ್ಟುಡಿಯೋ ತೆರೆಯಿರಿ","സ്റ്റഡി സ്റ്റുഡിയോ തുറക്കുക","स्टडी स्टुडिओ उघडा","স্টাডি স্টুডিও খুলুন","સ્ટડી સ્ટુડિયો ખોલો","ਸਟੱਡੀ ਸਟੂਡੀਓ ਖੋਲ੍ਹੋ"
"home.ask_tutor_citations","Ask the AI Tutor with citations","संदर्भ के साथ AI ट्यूटर से पूछें","மேற்கோள்களுடன் AI ஆசிரியரிடம் கேளுங்கள்","ఉల్లేఖనాలతో AI ట్యూటర్‌ని అడగండి","ಉಲ್ಲೇಖಗಳೊಂದಿಗೆ AI ಶಿಕ್ಷಕರನ್ನು ಕೇಳಿ","ഉദ്ധരണികളോടെ AI അദ്ധ്യാപകനോട് ചോദിക്കുക","संदर्भांसह AI शिक्षकाला विचारा","উদ্ধৃতি সহ AI শিক্ষককে জিজ্ঞাসা করুন","સંદર્ભો સાથે AI ટ્યુટરને પૂછો","ਹਵਾਲਿਆਂ ਨਾਲ AI ਅਧਿਆਪਕ ਨੂੰ ਪੁੱਛੋ"
"support.whatsapp_chat","Open WhatsApp support chat","व्हाट्सएप सहायता चैट खोलें","வாட்ஸ்அப் ஆதரவு அரட்டையைத் திற","వాట్సాప్ సహాయ చాట్ తెరవండి","ವಾಟ್ಸ್ಆ್ಯಪ್ ಬೆಂಬಲ ಚಾಟ್ ತೆರೆಯಿರಿ","വാട്ട്സ്ആപ്പ് പിന്തുണ ചാറ്റ് തുറക്കുക","व्हॉट्सअ‍ॅप सहाय्य चॅट उघडा","হোয়াটসঅ্যাপ সহায়তা চ্যাট খুলুন","વોટ્સએપ સહાય ચેટ ખોલો","ਵਟਸਐਪ ਸਹਾਇਤਾ ਚੈਟ ਖੋਲ੍ਹੋ"
"support.call_pathshala","Call AI Pathshala support","AI पाठशाला सहायता को कॉल करें","AI பாதஶாலா ஆதரவை அழைக்கவும்","AI పాఠశాల సహాయానికి కాల్ చేయండి","AI ಪಾಠಶಾಲಾ ಬೆಂಬಲಕ್ಕೆ ಕರೆ ಮಾಡಿ","AI പാഠശാല പിന്തുണയെ വിളിക്കുക","AI पाठशाला सहाय्याला कॉल करा","AI পাঠশালা সহায়তায় কল করুন","AI પાઠશાલા સહાયને કૉલ કરો","AI ਪਾਠਸ਼ਾਲਾ ਸਹਾਇਤਾ ਨੂੰ ਕਾਲ ਕਰੋ"
"land.photo_to_video","From textbook photo to video lesson in minutes","पाठ्यपुस्तक की फ़ोटो से मिनटों में वीडियो पाठ","பாடப்புத்தக படத்திலிருந்து நிமிடங்களில் வீடியோ பாடம்","పాఠ్యపుస్తక ఫోటో నుండి నిమిషాల్లో వీడియో పాఠం","ಪಠ್ಯಪುಸ್ತಕ ಫೋಟೋದಿಂದ ನಿಮಿಷಗಳಲ್ಲಿ ವೀಡಿಯೋ ಪಾಠ","പാഠപുസ്തക ഫോട്ടോയിൽ നിന്ന് മിനിറ്റുകൾക്കുള്ളിൽ വീഡിയോ പാഠം","पाठ्यपुस्तकाच्या फोटोवरून काही मिनिटांत व्हिडिओ पाठ","পাঠ্যবইয়ের ছবি থেকে কয়েক মিনিটে ভিডিও পাঠ","પાઠ્યપુસ્તકના ફોટામાંથી મિનિટોમાં વિડિયો પાઠ","ਪਾਠ-ਪੁਸਤਕ ਦੀ ਫੋਟੋ ਤੋਂ ਮਿੰਟਾਂ ਵਿੱਚ ਵੀਡੀਓ ਪਾਠ"
"land.upload_page","Upload your textbook page or photo","अपनी पाठ्यपुस्तक का पेज या फ़ोटो अपलोड करें","உங்கள் பாடப்புத்தக பக்கம் அல்லது படத்தைப் பதிவேற்றவும்","మీ పాఠ్యపుస్తక పేజీ లేదా ఫోటోను అప్‌లోడ్ చేయండి","ನಿಮ್ಮ ಪಠ್ಯಪುಸ್ತಕ ಪುಟ ಅಥವಾ ಫೋಟೋ ಅಪ್‌ಲೋಡ್ ಮಾಡಿ","നിങ്ങളുടെ പാഠപുസ്തക പേജോ ഫോട്ടോയോ അപ്‌ലോഡ് ചെയ്യുക","तुमचे पाठ्यपुस्तक पान किंवा फोटो अपलोड करा","আপনার পাঠ্যবইয়ের পৃষ্ঠা বা ছবি আপলোড করুন","તમારું પાઠ્યપુસ્તક પાનું અથવા ફોટો અપલોડ કરો","ਆਪਣਾ ਪਾਠ-ਪੁਸਤਕ ਪੰਨਾ ਜਾਂ ਫੋਟੋ ਅੱਪਲੋਡ ਕਰੋ"
"land.choose_lang_exam","Choose your language and exam","अपनी भाषा और परीक्षा चुनें","உங்கள் மொழியையும் தேர்வையும் தேர்ந்தெடுக்கவும்","మీ భాష మరియు పరీక్షను ఎంచుకోండి","ನಿಮ್ಮ ಭಾಷೆ ಮತ್ತು ಪರೀಕ್ಷೆಯನ್ನು ಆಯ್ಕೆಮಾಡಿ","നിങ്ങളുടെ ഭാഷയും പരീക്ഷയും തിരഞ്ഞെടുക്കുക","तुमची भाषा आणि परीक्षा निवडा","আপনার ভাষা ও পরীক্ষা নির্বাচন করুন","તમારી ભાષા અને પરીક્ષા પસંદ કરો","ਆਪਣੀ ਭਾਸ਼ਾ ਅਤੇ ਪ੍ਰੀਖਿਆ ਚੁਣੋ"
"land.watch_personalised","Watch your personalised AI lesson","अपना व्यक्तिगत AI पाठ देखें","உங்கள் தனிப்பயன் AI பாடத்தைப் பாருங்கள்","మీ వ్యక్తిగత AI పాఠాన్ని చూడండి","ನಿಮ್ಮ ವೈಯಕ್ತಿಕ AI ಪಾಠವನ್ನು ನೋಡಿ","നിങ്ങളുടെ വ്യക്തിഗത AI പാഠം കാണുക","तुमचा वैयक्तिक AI पाठ पहा","আপনার ব্যক্তিগত AI পাঠ দেখুন","તમારો વ્યક્તિગત AI પાઠ જુઓ","ਆਪਣਾ ਨਿੱਜੀ AI ਪਾਠ ਦੇਖੋ"
"home.open_exam_hub","Open Exam Hub","एग्ज़ाम हब खोलें","எக்ஸாம் ஹப்பைத் திற","ఎగ్జామ్ హబ్ తెరవండి","ಎಕ್ಸಾಮ್ ಹಬ್ ತೆರೆಯಿರಿ","എക്സാം ഹബ് തുറക്കുക","एग्झाम हब उघडा","এক্সাম হাব খুলুন","એક્ઝામ હબ ખોલો","ਐਗਜ਼ਾਮ ਹੱਬ ਖੋਲ੍ਹੋ"
"auth.send_reset","Send reset link","रीसेट लिंक भेजें","மீட்டமைப்பு இணைப்பை அனுப்பு","రీసెట్ లింక్ పంపండి","ಮರುಹೊಂದಿಸುವ ಲಿಂಕ್ ಕಳುಹಿಸಿ","റീസെറ്റ് ലിങ്ക് അയയ്ക്കുക","रीसेट लिंक पाठवा","রিসেট লিঙ্ক পাঠান","રીસેટ લિંક મોકલો","ਰੀਸੈੱਟ ਲਿੰਕ ਭੇਜੋ"
"flow.title","Daily Study Flow","दैनिक अध्ययन प्रवाह","தினசரி படிப்பு ஓட்டம்","రోజువారీ అధ్యయన ప్రవాహం","ದೈನಂದಿನ ಅಧ್ಯಯನ ಹರಿವು","ദൈനംദിന പഠന ഒഴുക്ക്","दैनिक अभ्यास प्रवाह","দৈনিক অধ্যয়ন প্রবাহ","દૈનિક અભ્યાસ પ્રવાહ","ਰੋਜ਼ਾਨਾ ਅਧਿਐਨ ਪ੍ਰਵਾਹ"
"flow.explainer","Watch or read an explainer","व्याख्या देखें या पढ़ें","விளக்கத்தைப் பாருங்கள் அல்லது படியுங்கள்","వివరణ చూడండి లేదా చదవండి","ವಿವರಣೆಯನ್ನು ನೋಡಿ ಅಥವಾ ಓದಿ","വിശദീകരണം കാണുക അല്ലെങ്കിൽ വായിക്കുക","स्पष्टीकरण पहा किंवा वाचा","ব্যাখ্যা দেখুন বা পড়ুন","સમજૂતી જુઓ અથવા વાંચો","ਵਿਆਖਿਆ ਦੇਖੋ ਜਾਂ ਪੜ੍ਹੋ"
"flow.practice","Solve practice questions","अभ्यास प्रश्न हल करें","பயிற்சி வினாக்களைத் தீர்க்கவும்","అభ్యాస ప్రశ్నలను పరిష్కరించండి","ಅಭ್ಯಾಸ ಪ್ರಶ್ನೆಗಳನ್ನು ಪರಿಹರಿಸಿ","അഭ്യാസ ചോദ്യങ്ങൾ പരിഹരിക്കുക","सराव प्रश्न सोडवा","অনুশীলন প্রশ্ন সমাধান করুন","અભ્યાસ પ્રશ્નો ઉકેલો","ਅਭਿਆਸ ਪ੍ਰਸ਼ਨ ਹੱਲ ਕਰੋ"
"flow.doubt","Ask one doubt with source","स्रोत के साथ एक संदेह पूछें","ஆதாரத்துடன் ஒரு சந்தேகம் கேளுங்கள்","మూలంతో ఒక సందేహం అడగండి","ಮೂಲದೊಂದಿಗೆ ಒಂದು ಸಂದೇಹ ಕೇಳಿ","ഉറവിടത്തോടെ ഒരു സംശയം ചോദിക്കുക","स्रोतासह एक शंका विचारा","উৎস সহ একটি সন্দেহ জিজ্ঞাসা করুন","સ્રોત સાથે એક શંકા પૂછો","ਸਰੋਤ ਨਾਲ ਇੱਕ ਸ਼ੰਕਾ ਪੁੱਛੋ"
"flow.doubt_sub","AI tutor answers from your uploaded material","AI ट्यूटर आपकी अपलोड की गई सामग्री से उत्तर देता है","AI ஆசிரியர் நீங்கள் பதிவேற்றிய பொருளிலிருந்து பதிலளிக்கிறார்","AI ట్యూటర్ మీరు అప్‌లోడ్ చేసిన విషయం నుండి సమాధానం ఇస్తుంది","AI ಶಿಕ್ಷಕ ನೀವು ಅಪ್‌ಲೋಡ್ ಮಾಡಿದ ವಸ್ತುವಿನಿಂದ ಉತ್ತರಿಸುತ್ತಾರೆ","നിങ്ങൾ അപ്‌ലോഡ് ചെയ്ത വസ്തുവിൽ നിന്ന് AI അദ്ധ്യാപകൻ ഉത്തരം നൽകുന്നു","AI शिक्षक तुम्ही अपलोड केलेल्या सामग्रीतून उत्तर देतो","AI শিক্ষক আপনার আপলোড করা উপকরণ থেকে উত্তর দেয়","AI ટ્યુટર તમે અપલોડ કરેલી સામગ્રીમાંથી જવાબ આપે છે","AI ਅਧਿਆਪਕ ਤੁਹਾਡੀ ਅੱਪਲੋਡ ਕੀਤੀ ਸਮੱਗਰੀ ਤੋਂ ਜਵਾਬ ਦਿੰਦਾ ਹੈ"
"flow.mock","Quick mock test","त्वरित मॉक टेस्ट","விரைவு மாதிரித் தேர்வு","త్వరిత మాక్ టెస్ట్","ತ್ವರಿತ ಮಾಕ್ ಟೆಸ್ಟ್","ദ്രുത മോക്ക് ടെസ്റ്റ്","जलद मॉक टेस्ट","দ্রুত মক টেস্ট","ઝડપી મોક ટેસ્ટ","ਤੇਜ਼ ਮੌਕ ਟੈਸਟ"
"flow.flashcards","Flashcard revision","फ्लैशकार्ड पुनरावलोकन","ஃபிளாஷ்கார்டு திருப்புதல்","ఫ్లాష్‌కార్డ్ పునరావలోకనం","ಫ್ಲಾಶ್‌ಕಾರ್ಡ್ ಪುನರಾವಲೋಕನ","ഫ്ലാഷ്കാർഡ് പുനരവലോകനം","फ्लॅशकार्ड उजळणी","ফ্ল্যাশকার্ড পুনরালোচনা","ફ્લેશકાર્ડ પુનરાવર્તન","ਫਲੈਸ਼ਕਾਰਡ ਦੁਹਰਾਈ"
"tool.pyq_sub","Previous year questions for your exam","आपकी परीक्षा के पिछले वर्ष के प्रश्न","உங்கள் தேர்விற்கான முந்தைய ஆண்டு வினாக்கள்","మీ పరీక్ష కోసం గత సంవత్సరం ప్రశ్నలు","ನಿಮ್ಮ ಪರೀಕ್ಷೆಗಾಗಿ ಹಿಂದಿನ ವರ್ಷದ ಪ್ರಶ್ನೆಗಳು","നിങ്ങളുടെ പരീക്ഷയ്ക്കുള്ള മുൻവർഷ ചോദ്യങ്ങൾ","तुमच्या परीक्षेसाठी मागील वर्षांचे प्रश्न","আপনার পরীক্ষার জন্য পূর্ববর্তী বছরের প্রশ্ন","તમારી પરીક્ષા માટે પાછલા વર્ષના પ્રશ્નો","ਤੁਹਾਡੀ ਪ੍ਰੀਖਿਆ ਲਈ ਪਿਛਲੇ ਸਾਲ ਦੇ ਪ੍ਰਸ਼ਨ"
"tool.more","More Tools","और टूल","மேலும் கருவிகள்","మరిన్ని టూల్స్","ಹೆಚ್ಚಿನ ಪರಿಕರಗಳು","കൂടുതൽ ഉപകരണങ്ങൾ","अधिक साधने","আরও টুল","વધુ સાધનો","ਹੋਰ ਟੂਲ"
"tool.quiz_maker","Quiz Maker","क्विज़ मेकर","வினாடி வினா தயாரிப்பு","క్విజ్ మేకర్","ಕ್ವಿಜ್ ಮೇಕರ್","ക്വിസ് മേക്കർ","क्विझ मेकर","কুইজ মেকার","ક્વિઝ મેકર","ਕਵਿਜ਼ ਮੇਕਰ"
"tool.mock_tests","Mock Tests","मॉक टेस्ट","மாதிரித் தேர்வுகள்","మాక్ టెస్ట్‌లు","ಮಾಕ್ ಟೆಸ್ಟ್‌ಗಳು","മോക്ക് ടെസ്റ്റുകൾ","मॉक टेस्ट","মক টেস্ট","મોક ટેસ્ટ","ਮੌਕ ਟੈਸਟ"
"tool.pyq","PYQ Practice","PYQ अभ्यास","PYQ பயிற்சி","PYQ అభ్యాసం","PYQ ಅಭ್ಯಾಸ","PYQ പരിശീലനം","PYQ सराव","PYQ অনুশীলন","PYQ અભ્યાસ","PYQ ਅਭਿਆਸ"
"tool.doubt_chat","Doubt Chat","संदेह चैट","சந்தேக அரட்டை","సందేహ చాట్","ಸಂದೇಹ ಚಾಟ್","സംശയ ചാറ്റ്","शंका चॅट","সন্দেহ চ্যাট","શંકા ચેટ","ਸ਼ੰਕਾ ਚੈਟ"
"tool.learning_path","Learning Path","लर्निंग पाथ","கற்றல் பாதை","లెర్నింగ్ పాత్","ಕಲಿಕೆ ಮಾರ್ಗ","ലേണിംഗ് പാത്ത്","लर्निंग पाथ","লার্নিং পাথ","લર્નિંગ પાથ","ਲਰਨਿੰਗ ਪਾਥ"
"goalcat.school_boards","School Boards","स्कूल बोर्ड","பள்ளி வாரியங்கள்","స్కూల్ బోర్డులు","ಶಾಲಾ ಮಂಡಳಿಗಳು","സ്കൂൾ ബോർഡുകൾ","शाळा मंडळे","স্কুল বোর্ড","શાળા બોર્ડ","ਸਕੂਲ ਬੋਰਡ"
"goalcat.all_state_boards","All State Boards","सभी राज्य बोर्ड","அனைத்து மாநில வாரியங்கள்","అన్ని రాష్ట్ర బోర్డులు","ಎಲ್ಲಾ ರಾಜ್ಯ ಮಂಡಳಿಗಳು","എല്ലാ സംസ്ഥാന ബോർഡുകളും","सर्व राज्य मंडळे","সমস্ত রাজ্য বোর্ড","બધા રાજ્ય બોર્ડ","ਸਾਰੇ ਰਾਜ ਬੋਰਡ"
"goalcat.govt_exams","Government Exams","सरकारी परीक्षाएं","அரசுத் தேர்வுகள்","ప్రభుత్వ పరీక్షలు","ಸರ್ಕಾರಿ ಪರೀಕ್ಷೆಗಳು","സർക്കാർ പരീക്ഷകൾ","सरकारी परीक्षा","সরকারি পরীক্ষা","સરકારી પરીક્ષાઓ","ਸਰਕਾਰੀ ਪ੍ਰੀਖਿਆਵਾਂ"
"goalcat.campus","Campus Placements","कैंपस प्लेसमेंट","வளாகப் பணி நியமனங்கள்","క్యాంపస్ ప్లేస్‌మెంట్‌లు","ಕ್ಯಾಂಪಸ್ ಪ್ಲೇಸ್‌ಮೆಂಟ್‌ಗಳು","ക്യാമ്പസ് പ്ലേസ്‌മെന്റുകൾ","कॅम्पस प्लेसमेंट","ক্যাম্পাস প্লেসমেন্ট","કેમ્પસ પ્લેસમેન્ટ","ਕੈਂਪਸ ਪਲੇਸਮੈਂਟ"
"trust.expert_verification","Expert verification","विशेषज्ञ सत्यापन","நிபுணர் சரிபார்ப்பு","నిపుణుల ధృవీకరణ","ತಜ್ಞರ ಪರಿಶೀಲನೆ","വിദഗ്ധ പരിശോധന","तज्ञ पडताळणी","বিশেষজ্ঞ যাচাইকরণ","નિષ્ણાત ચકાસણી","ਮਾਹਰ ਤਸਦੀਕ"
"common.not_set","Not set","सेट नहीं है","அமைக்கப்படவில்லை","సెట్ చేయలేదు","ಸೆಟ್ ಮಾಡಿಲ್ಲ","സജ്ജമാക്കിയിട്ടില്ല","सेट केलेले नाही","সেট করা নেই","સેટ કરેલ નથી","ਸੈੱਟ ਨਹੀਂ ਕੀਤਾ"
"render.analyzing","Analyzing document","दस्तावेज़ का विश्लेषण","ஆவணத்தை பகுப்பாய்வு செய்கிறது","పత్రాన్ని విశ్లేషిస్తోంది","ದಾಖಲೆಯನ್ನು ವಿಶ್ಲೇಷಿಸುತ್ತಿದೆ","ഡോക്യുമെന്റ് വിശകലനം ചെയ്യുന്നു","दस्तऐवजाचे विश्लेषण करत आहे","নথি বিশ্লেষণ করছে","દસ્તાવેજનું વિશ્લેષણ કરી રહ્યું છે","ਦਸਤਾਵੇਜ਼ ਦਾ ਵਿਸ਼ਲੇਸ਼ਣ ਕਰ ਰਿਹਾ ਹੈ"
"render.understanding","Understanding topic","विषय समझ रहे हैं","தலைப்பைப் புரிந்துகொள்கிறது","అంశాన్ని అర్థం చేసుకుంటోంది","ವಿಷಯವನ್ನು ಅರ್ಥಮಾಡಿಕೊಳ್ಳುತ್ತಿದೆ","വിഷയം മനസ്സിലാക്കുന്നു","विषय समजून घेत आहे","বিষয় বোঝা হচ্ছে","વિષય સમજી રહ્યું છે","ਵਿਸ਼ਾ ਸਮਝ ਰਿਹਾ ਹੈ"
"render.script","Creating script","स्क्रिप्ट बना रहे हैं","ஸ்கிரிப்ட் உருவாக்குகிறது","స్క్రిప్ట్ సృష్టిస్తోంది","ಸ್ಕ್ರಿಪ್ಟ್ ರಚಿಸುತ್ತಿದೆ","സ്ക്രിപ്റ്റ് സൃഷ്ടിക്കുന്നു","स्क्रिप्ट तयार करत आहे","স্ক্রিপ্ট তৈরি করছে","સ્ક્રિપ્ટ બનાવી રહ્યું છે","ਸਕ੍ਰਿਪਟ ਬਣਾ ਰਿਹਾ ਹੈ"
"render.storyboard","Creating storyboard","स्टोरीबोर्ड बना रहे हैं","ஸ்டோரிபோர்டு உருவாக்குகிறது","స్టోరీబోర్డ్ సృష్టిస్తోంది","ಸ್ಟೋರಿಬೋರ್ಡ್ ರಚಿಸುತ್ತಿದೆ","സ്റ്റോറിബോർഡ് സൃഷ്ടിക്കുന്നു","स्टोरीबोर्ड तयार करत आहे","স্টোরিবোর্ড তৈরি করছে","સ્ટોરીબોર્ડ બનાવી રહ્યું છે","ਸਟੋਰੀਬੋਰਡ ਬਣਾ ਰਿਹਾ ਹੈ"
"render.voice","Generating voice","आवाज़ बना रहे हैं","குரல் உருவாக்குகிறது","వాయిస్ రూపొందిస్తోంది","ಧ್ವನಿ ರಚಿಸುತ್ತಿದೆ","ശബ്ദം സൃഷ്ടിക്കുന്നു","आवाज तयार करत आहे","ভয়েস তৈরি করছে","અવાજ બનાવી રહ્યું છે","ਆਵਾਜ਼ ਬਣਾ ਰਿਹਾ ਹੈ"
"render.animation","Rendering animation","एनिमेशन रेंडर हो रहा है","அனிமேஷன் ரெண்டர் செய்கிறது","యానిమేషన్ రెండర్ చేస్తోంది","ಅನಿಮೇಷನ್ ರೆಂಡರ್ ಆಗುತ್ತಿದೆ","ആനിമേഷൻ റെൻഡർ ചെയ്യുന്നു","अॅनिमेशन रेंडर करत आहे","অ্যানিমেশন রেন্ডার হচ্ছে","એનિમેશન રેન્ડર થઈ રહ્યું છે","ਐਨੀਮੇਸ਼ਨ ਰੈਂਡਰ ਹੋ ਰਿਹਾ ਹੈ"
"render.quiz","Preparing quiz","क्विज़ तैयार हो रही है","வினாடி வினா தயாராகிறது","క్విజ్ సిద్ధమవుతోంది","ಕ್ವಿಜ್ ಸಿದ್ಧವಾಗುತ್ತಿದೆ","ക്വിസ് തയ്യാറാക്കുന്നു","क्विझ तयार होत आहे","কুইজ প্রস্তুত হচ্ছে","ક્વિઝ તૈયાર થઈ રહી છે","ਕਵਿਜ਼ ਤਿਆਰ ਹੋ ਰਹੀ ਹੈ"
"render.ready","Your video is ready","आपका वीडियो तैयार है","உங்கள் வீடியோ தயார்","మీ వీడియో సిద్ధంగా ఉంది","ನಿಮ್ಮ ವೀಡಿಯೋ ಸಿದ್ಧವಾಗಿದೆ","നിങ്ങളുടെ വീഡിയോ തയ്യാർ","तुमचा व्हिडिओ तयार आहे","আপনার ভিডিও প্রস্তুত","તમારો વિડિયો તૈયાર છે","ਤੁਹਾਡਾ ਵੀਡੀਓ ਤਿਆਰ ਹੈ"
"studio.type_topic","Type a topic","विषय लिखें","ஒரு தலைப்பை உள்ளிடவும்","ఒక అంశాన్ని టైప్ చేయండి","ಒಂದು ವಿಷಯವನ್ನು ಟೈಪ್ ಮಾಡಿ","ഒരു വിഷയം ടൈപ്പ് ചെയ്യുക","एक विषय टाइप करा","একটি বিষয় টাইপ করুন","એક વિષય ટાઇપ કરો","ਇੱਕ ਵਿਸ਼ਾ ਟਾਈਪ ਕਰੋ"
"studio.video_mode","Video mode","वीडियो मोड","வீடியோ பயன்முறை","వీడియో మోడ్","ವೀಡಿಯೋ ಮೋಡ್","വീഡിയോ മോഡ്","व्हिडिओ मोड","ভিডিও মোড","વિડિયો મોડ","ਵੀਡੀਓ ਮੋਡ"
"studio.output_format","Output format","आउटपुट प्रारूप","வெளியீட்டு வடிவம்","అవుట్‌పుట్ ఫార్మాట్","ಔಟ್‌ಪುಟ್ ಸ್ವರೂಪ","ഔട്ട്പുട്ട് ഫോർമാറ്റ്","आउटपुट स्वरूप","আউটপুট ফরম্যাট","આઉટપુટ ફોર્મેટ","ਆਉਟਪੁੱਟ ਫਾਰਮੈਟ"
"audience.general","General audience","सामान्य दर्शक","பொது பார்வையாளர்கள்","సాధారణ ప్రేక్షకులు","ಸಾಮಾನ್ಯ ಪ್ರೇಕ್ಷಕರು","പൊതു പ്രേക്ഷകർ","सामान्य प्रेक्षक","সাধারণ দর্শক","સામાન્ય પ્રેક્ષકો","ਆਮ ਦਰਸ਼ਕ"
"audience.public","General public","आम जनता","பொது மக்கள்","సాధారణ ప్రజలు","ಸಾಮಾನ್ಯ ಜನರು","പൊതുജനം","सामान्य जनता","সাধারণ জনগণ","સામાન્ય જનતા","ਆਮ ਜਨਤਾ"
"audience.exam","Exam focused","परीक्षा केंद्रित","தேர்வு மையமாக","పరీక్ష కేంద్రీకృతం","ಪರೀಕ್ಷೆ ಕೇಂದ್ರಿತ","പരീക്ഷാ കേന്ദ്രീകൃതം","परीक्षा केंद्रित","পরীক্ষা কেন্দ্রিক","પરીક્ષા કેન્દ્રિત","ਪ੍ਰੀਖਿਆ ਕੇਂਦਰਿਤ"
"school.create_content","Create Content","सामग्री बनाएं","உள்ளடக்கம் உருவாக்கு","కంటెంట్ సృష్టించండి","ವಿಷಯ ರಚಿಸಿ","ഉള്ളടക്കം സൃഷ്ടിക്കുക","सामग्री तयार करा","কন্টেন্ট তৈরি করুন","સામગ્રી બનાવો","ਸਮੱਗਰੀ ਬਣਾਓ"
"school.manage","Manage School","स्कूल प्रबंधित करें","பள்ளியை நிர்வகி","పాఠశాలను నిర్వహించండి","ಶಾಲೆಯನ್ನು ನಿರ್ವಹಿಸಿ","സ്കൂൾ കൈകാര്യം ചെയ്യുക","शाळा व्यवस्थापित करा","স্কুল পরিচালনা করুন","શાળાનું સંચાલન કરો","ਸਕੂਲ ਪ੍ਰਬੰਧਿਤ ਕਰੋ"
"school.updates","School Updates","स्कूल अपडेट","பள்ளி புதுப்பிப்புகள்","పాఠశాల అప్‌డేట్‌లు","ಶಾಲಾ ಅಪ್‌ಡೇಟ್‌ಗಳು","സ്കൂൾ അപ്‌ഡേറ്റുകൾ","शाळा अपडेट","স্কুল আপডেট","શાળા અપડેટ્સ","ਸਕੂਲ ਅੱਪਡੇਟ"
"school.admin","School admin","स्कूल एडमिन","பள்ளி நிர்வாகி","పాఠశాల అడ్మిన్","ಶಾಲಾ ನಿರ್ವಾಹಕ","സ്കൂൾ അഡ്മിൻ","शाळा प्रशासक","স্কুল অ্যাডমিন","શાળા એડમિન","ਸਕੂਲ ਐਡਮਿਨ"
"goalcat.college_entrances","College Entrances","कॉलेज प्रवेश","கல்லூரி நுழைவுகள்","కళాశాల ప్రవేశాలు","ಕಾಲೇಜು ಪ್ರವೇಶಗಳು","കോളേജ് പ്രവേശനങ്ങൾ","कॉलेज प्रवेश","কলেজ ভর্তি","કૉલેજ પ્રવેશ","ਕਾਲਜ ਦਾਖਲੇ"
"goalcat.state_board","State Board","राज्य बोर्ड","மாநில வாரியம்","రాష్ట్ర బోర్డు","ರಾಜ್ಯ ಮಂಡಳಿ","സംസ്ഥാന ബോർഡ്","राज्य मंडळ","রাজ্য বোর্ড","રાજ્ય બોર્ડ","ਰਾਜ ਬੋਰਡ"
"action.generate_lesson","Generate lesson","लेसन बनाएँ","பாடம் உருவாக்கு","పాఠం రూపొందించండి","ಪಾಠ ರಚಿಸಿ","പാഠം തയ്യാറാക്കുക","धडा तयार करा","লেসন তৈরি করুন","પાઠ બનાવો","ਪਾਠ ਬਣਾਓ"
"action.narrate_lang","Narrate in selected language","चुनी गई भाषा में सुनाएँ","தேர்ந்தெடுத்த மொழியில் விவரிக்கவும்","ఎంచుకున్న భాషలో వివరించండి","ಆಯ್ದ ಭಾಷೆಯಲ್ಲಿ ವಿವರಿಸಿ","തിരഞ്ഞെടുത്ത ഭാഷയിൽ വിവരിക്കുക","निवडलेल्या भाषेत निवेदन करा","নির্বাচিত ভাষায় বর্ণনা করুন","પસંદ કરેલી ભાષામાં વર્ણન કરો","ਚੁਣੀ ਭਾਸ਼ਾ ਵਿੱਚ ਸੁਣਾਓ"
"action.start_quiz","Start quiz","क्विज़ शुरू करें","வினாடி வினா தொடங்கு","క్విజ్ ప్రారంభించండి","ಕ್ವಿಜ್ ಪ್ರಾರಂಭಿಸಿ","ക്വിസ് തുടങ്ങുക","quiz सुरू करा","কুইজ শুরু করুন","ક્વિઝ શરૂ કરો","ਕੁਇਜ਼ ਸ਼ੁਰੂ ਕਰੋ"
"action.start_game","Start game","गेम शुरू करें","விளையாட்டைத் தொடங்கு","గేమ్ ప్రారంభించండి","ಆಟ ಪ್ರಾರಂಭಿಸಿ","ഗെയിം തുടങ്ങുക","खेळ सुरू करा","গেম শুরু করুন","ગેમ શરૂ કરો","ਖੇਡ ਸ਼ੁਰੂ ਕਰੋ"
"action.generate_recap","Generate recap","रीकैप बनाएँ","சுருக்கம் உருவாக்கு","రీక్యాప్ రూపొందించండి","ಸಾರಾಂಶ ರಚಿಸಿ","സംഗ്രഹം തയ്യാറാക്കുക","उजळणी तयार करा","রিক্যাপ তৈরি করুন","રિકૅપ બનાવો","ਰੀਕੈਪ ਬਣਾਓ"
"action.show_transcript","Show transcript","ट्रांसक्रिप्ट दिखाएँ","உரையைக் காட்டு","ట్రాన్‌స్క్రిప్ట్ చూపించు","ಪಠ್ಯ ತೋರಿಸಿ","ട്രാൻസ്ക്രിപ്റ്റ് കാണിക്കുക","लिखित मजकूर दाखवा","ট্রান্সক্রিপ্ট দেখুন","ટ્રાન્સક્રિપ્ટ બતાવો","ਟ੍ਰਾਂਸਕ੍ਰਿਪਟ ਵੇਖੋ"
"action.open_notes","Open notes","नोट्स खोलें","குறிப்புகளைத் திற","నోట్స్ తెరవండి","ಟಿಪ್ಪಣಿಗಳನ್ನು ತೆರೆಯಿರಿ","കുറിപ്പുകൾ തുറക്കുക","टिपणे उघडा","নোট খুলুন","નોંધો ખોલો","ਨੋਟਸ ਖੋਲ੍ਹੋ"
"status.all_saved","All changes saved","सभी बदलाव सहेजे गए","எல்லா மாற்றங்களும் சேமிக்கப்பட்டன","అన్ని మార్పులు సేవ్ అయ్యాయి","ಎಲ್ಲಾ ಬದಲಾವಣೆಗಳು ಉಳಿಸಲಾಗಿವೆ","എല്ലാ മാറ്റങ്ങളും സേവ് ചെയ്തു","सर्व बदल जतन झाले","সব পরিবর্তন সেভ হয়েছে","બધા ફેરફારો સાચવાયા","ਸਾਰੇ ਬਦਲਾਅ ਸੇਵ ਹੋ ਗਏ"
"live.conversation","Live conversation","लाइव बातचीत","நேரலை உரையாடல்","లైవ్ సంభాషణ","ನೇರ ಸಂಭಾಷಣೆ","തത്സമയ സംഭാഷണം","थेट संवाद","লাইভ কথোপকথন","લાઇવ વાતચીત","ਲਾਈਵ ਗੱਲਬਾਤ"
"flash.num_cards","Number of cards","कार्ड्स की संख्या","கார்டுகளின் எண்ணிக்கை","కార్డుల సంఖ్య","ಕಾರ್ಡ್‌ಗಳ ಸಂಖ್ಯೆ","കാർഡുകളുടെ എണ്ണം","कार्डांची संख्या","কার্ডের সংখ্যা","કાર્ડની સંખ્યા","ਕਾਰਡਾਂ ਦੀ ਗਿਣਤੀ"
"flash.generate_deck","Generate deck","डेक बनाएँ","கார்டுத் தொகுப்பை உருவாக்கு","డెక్ రూపొందించండి","ಡೆಕ್ ರಚಿಸಿ","ഡെക്ക് തയ്യാറാക്കുക","डेक तयार करा","ডেক তৈরি করুন","ડેક બનાવો","ਡੈੱਕ ਬਣਾਓ"
"flash.flip_hint","Tap or press SPACE to flip","पलटने के लिए टैप करें या SPACE दबाएँ","புரட்ட தட்டவும் அல்லது SPACE அழுத்தவும்","తిప్పడానికి ట్యాప్ చేయండి లేదా SPACE నొక్కండి","ತಿರುಗಿಸಲು ಟ್ಯಾಪ್ ಮಾಡಿ ಅಥವಾ SPACE ಒತ್ತಿರಿ","മറിക്കാൻ ടാപ്പ് ചെയ്യുക അല്ലെങ്കിൽ SPACE അമർത്തുക","फिरवण्यासाठी टॅप करा किंवा SPACE दाबा","উল্টে দেখতে ট্যাপ করুন বা SPACE চাপুন","ફેરવવા માટે ટૅપ કરો અથવા SPACE દબાવો","ਪਲਟਣ ਲਈ ਟੈਪ ਕਰੋ ਜਾਂ SPACE ਦਬਾਓ"
"voice.conversation","Voice conversation","वॉइस बातचीत","குரல் உரையாடல்","వాయిస్ సంభాషణ","ಧ್ವನಿ ಸಂಭಾಷಣೆ","വോയ്സ് സംഭാഷണം","व्हॉइस संवाद","ভয়েস কথোপকথন","વૉઇસ વાતચીત","ਆਵਾਜ਼ ਨਾਲ ਗੱਲਬਾਤ"
"essay.grade","Grade my answer","मेरा उत्तर जाँचें","என் பதிலை மதிப்பிடு","నా సమాధానాన్ని మూల్యాంకనం చేయండి","ನನ್ನ ಉತ್ತರವನ್ನು ಮೌಲ್ಯಮಾಪನ ಮಾಡಿ","എന്റെ ഉത്തരം വിലയിരുത്തുക","माझे उत्तर तपासा","আমার উত্তর মূল্যায়ন করুন","મારો જવાબ તપાસો","ਮੇਰੇ ਜਵਾਬ ਨੂੰ ਅੰਕ ਦਿਓ"
"essay.ai_score","AI Score","AI स्कोर","AI மதிப்பெண்","AI స్కోర్","AI ಸ್ಕೋರ್","AI സ്കോർ","AI गुण","AI স্কোর","AI સ્કોર","AI ਸਕੋਰ"
